[
  {
    "post_title": "Agartala - Meditation Centre",
    "url": "/location/yogoda-satsanga-dhyana-mandali-agartala",
    "meta_value": "Yogoda Satsanga Dhyana Mandali - Agartala",
    "match_url": "/centre/yogoda_satsanga_dhyana_mandali_agartala"
  },
  {
    "post_title": "Agra - Meditation Centre",
    "url": "/location/yogoda-satsanga-dhyana-kendra-agra",
    "meta_value": "Yogoda Satsanga Dhyana Kendra - Agra",
    "match_url": "/centre/yogoda_satsanga_dhyana_kendra_agra"
  },
  {
    "post_title": "Ahmedabad - Meditation Centre",
    "url": "/location/yogoda-satsanga-dhyana-kendra-ahmedabad",
    "meta_value": "Yogoda Satsanga Dhyana Kendra - Ahmedabad",
    "match_url": "/centre/yogoda_satsanga_dhyana_kendra_ahmedabad"
  },
  {
    "post_title": "Ajmer - Meditation Centre",
    "url": "/location/yogoda-satsanga-dhyana-mandali-ajmer",
    "meta_value": "Yogoda Satsanga Dhyana Mandali - Ajmer",
    "match_url": "/centre/yogoda_satsanga_dhyana_mandali_ajmer"
  },
  {
    "post_title": "Alladi - Meditation Centre",
    "url": "/location/yogoda-satsanga-dhyana-mandali-alladi",
    "meta_value": "Yogoda Satsanga Dhyana Mandali - Alladi",
    "match_url": "/centre/yogoda_satsanga_dhyana_mandali_alladi"
  },
  {
    "post_title": "Alleppey - Meditation Centre",
    "url": "/location/yogoda-satsanga-dhyana-mandali-alleppey",
    "meta_value": "Yogoda Satsanga Dhyana Mandali – Alleppey",
    "match_url": "/centre/yogoda-satsanga-dhyana-mandali-allepey"
  },
  {
    "post_title": "Alwar - Meditation Centre",
    "url": "/location/yogoda-satsanga-dhyana-mandali-alwar",
    "meta_value": "Yogoda Satsanga Dhyana Mandali - Alwar",
    "match_url": "/centre/yogoda_satsanga_dhyana_mandali_alwar"
  },
  {
    "post_title": "Amalapuram - Meditation Centre",
    "url": "/location/yogoda-satsanga-dhyana-mandali-amalapuram",
    "meta_value": "Yogoda Satsanga Dhyana Mandali - Amalapuram",
    "match_url": "/centre/yogoda_satsanga_dhyana_mandali_amalapuram"
  },
  {
    "post_title": "Ambala - Meditation Centre",
    "url": "/location/yogoda-satsanga-dhyana-mandali-ambala",
    "meta_value": "Yogoda Satsanga Dhyana Mandali - Ambala",
    "match_url": "/centre/yogoda_satsanga_dhyana_mandali_ambala"
  },
  {
    "post_title": "Amravati - Meditation Centre",
    "url": "/location/yogoda-satsanga-dhyana-mandali-amravati",
    "meta_value": "Yogoda Satsanga Dhyana Mandali - Amravati",
    "match_url": "/centre/yogoda_satsanga_dhyana_mandali_amravati"
  },
  {
    "post_title": "Amritsar - Meditation Centre",
    "url": "/location/yogoda-satsanga-dhyana-mandali-amritsar",
    "meta_value": "Yogoda Satsanga Dhyana Mandali - Amritsar",
    "match_url": "/centre/yogoda_satsanga_dhyana_mandali_amritsar"
  },
  {
    "post_title": "Anandapur - Meditation Centre",
    "url": "/location/yogoda-satsanga-sakha-ashram-anandapur",
    "meta_value": "Yogoda Satsanga Sakha Ashram - Anandapur",
    "match_url": "/centre/yogoda_satsanga_sakha_ashram_anandapur"
  },
  {
    "post_title": "Anantapur - Meditation Centre",
    "url": "/location/yogoda-satsanga-dhyana-kendra-anantapur",
    "meta_value": "Yogoda Satsanga Dhyana Kendra - Anantapur",
    "match_url": "/centre/yogoda_satsanga_dhyana_kendra_anantapur"
  },
  {
    "post_title": "Angul - Meditation Centre",
    "url": "/location/yogoda-satsanga-dhyana-mandali-angul",
    "meta_value": "Yogoda Satsanga Dhyana Mandali - Angul",
    "match_url": "/centre/yogoda_satsanga_dhyana_mandali_angul"
  },
  {
    "post_title": "Arsikere - Meditation Centre",
    "url": "/location/yogoda-satsanga-dhyana-mandali-arsikere",
    "meta_value": "Yogoda Satsanga Dhyana Mandali - Arsikere",
    "match_url": "/centre/yogoda_satsanga_dhyana_mandali_arsikere"
  },
  {
    "post_title": "Asansol - Meditation Centre",
    "url": "/location/yogoda-satsanga-dhyana-mandali-asansol",
    "meta_value": "Yogoda Satsanga Dhyana Mandali - Asansol",
    "match_url": "/centre/yogoda_satsanga_dhyana_mandali_asansol"
  },
  {
    "post_title": "Aurangabad - Meditation Centre",
    "url": "/location/yogoda-satsanga-dhyana-mandali-aurangabad",
    "meta_value": "Yogoda Satsanga Dhyana Mandali - Aurangabad",
    "match_url": "/centre/yogoda_satsanga_dhyana_mandali_aurangabad"
  },
  {
    "post_title": "Babai - Meditation Centre",
    "url": "/location/yogoda-satsanga-dhyana-mandali-babai",
    "meta_value": "Yogoda Satsanga Dhyana Mandali - Babai",
    "match_url": "/centre/yogoda_satsanga_dhyana_mandali_babai"
  },
  {
    "post_title": "Bailhongal - Meditation Centre",
    "url": "/location/yogoda-satsanga-dhyana-mandali-bailhongal",
    "meta_value": "Yogoda Satsanga Dhyana Mandali - Bailhongal",
    "match_url": "/centre/yogoda_satsanga_dhyana_mandali_bailhongal"
  },
  {
    "post_title": "Ballari - Meditation Centre",
    "url": "/location/yogoda-satsanga-dhyana-mandali-ballari",
    "meta_value": "Yogoda Satsanga Dhyana Mandali - Ballari",
    "match_url": "/centre/yogoda_satsanga_dhyana_mandali_bellari"
  },
  {
    "post_title": "Bangalore - Meditation Centre",
    "url": "/location/yogoda-satsanga-dhyana-kendra-bangalore",
    "meta_value": "Yogoda Satsanga Dhyana Kendra - Bangalore",
    "match_url": "/centre/yogoda_satsanga_dhyana_kendra_bangalore"
  },
  {
    "post_title": "Bapatla - Meditation Centre",
    "url": "/location/yogoda-satsanga-dhyana-mandali-bapatla",
    "meta_value": "Yogoda Satsanga Dhyana Mandali - Bapatla",
    "match_url": "/centre/yogoda_satsanga_dhyana_mandali_bapatla"
  },
  {
    "post_title": "Bareilly - Meditation Centre",
    "url": "/location/yogoda-satsanga-dhyana-kendra-bareilly",
    "meta_value": "Yogoda Satsanga Dhyana Kendra- Bareilly",
    "match_url": "/centre/yogoda_satsanga_dhyana_mandali_bareilly"
  },
  {
    "post_title": "Bargaon - Meditation Centre",
    "url": "/location/yogoda-satsanga-dhyana-mandali-bargaon",
    "meta_value": "Yogoda Satsanga Dhyana Mandali - Bargaon",
    "match_url": "/centre/yogoda-satsanga-dhyana-mandali-bargaon"
  },
  {
    "post_title": "Begusarai - Meditation Centre",
    "url": "/location/yogoda-satsanga-dhyana-mandali-begusarai",
    "meta_value": "Yogoda Satsanga Dhyana Mandali - Begusarai",
    "match_url": "/centre/yogoda_satsanga_dhyana_mandali_begusarai"
  },
  {
    "post_title": "Belagavi - Meditation Centre",
    "url": "/location/yogoda-satsanga-dhyana-mandali-belagavi",
    "meta_value": "Yogoda Satsanga Dhyana Mandali - Belagavi",
    "match_url": "/centre/yogoda_satsanga_dhyana_mandali_belgaum"
  },
  {
    "post_title": "Bharuch - Meditation Centre",
    "url": "/location/yogoda-satsanga-dhyana-mandali-bharuch",
    "meta_value": "Yogoda Satsanga Dhyana Mandali - Bharuch",
    "match_url": "/centre/yogoda_satsanga_dhyana_mandali_bharuch"
  },
  {
    "post_title": "Bhavnagar - Meditation Centre",
    "url": "/location/yogoda-satsanga-dhyana-kendra-bhavnagar",
    "meta_value": "Yogoda Satsanga Dhyana Kendra - Bhavnagar",
    "match_url": "/centre/yogoda_satsanga_dhyana_kendra_bhavnagar"
  },
  {
    "post_title": "Bherir Bazar - Meditation Centre",
    "url": "/location/yogoda-satsanga-sakha-kendra-bherir-bazar",
    "meta_value": "Yogoda Satsanga Sakha Kendra - Bherir Bazar",
    "match_url": ""
  },
  {
    "post_title": "Bhilai - Meditation Centre",
    "url": "/location/yogoda-satsanga-dhyana-mandali-bhilai",
    "meta_value": "Yogoda Satsanga Dhyana Mandali - Bhilai",
    "match_url": "/centre/yogoda_satsanga_dhyana_mandali_bhilai"
  },
  {
    "post_title": "Bhimavaram - Meditation Centre",
    "url": "/location/yogoda-satsanga-dhyana-mandali-bhimavaram",
    "meta_value": "Yogoda Satsanga Dhyana Mandali - Bhimavaram",
    "match_url": "/centre/yogoda_satsanga_dhyana_mandali_bhimavaram"
  },
  {
    "post_title": "Bhimtal - Meditation Centre",
    "url": "/location/yogoda-satsanga-dhyana-mandali-bhimtal",
    "meta_value": "Yogoda Satsanga Dhyana Mandali - Bhimtal",
    "match_url": "/centre/yogoda_satsanga_dhyana_mandali_bhimtal"
  },
  {
    "post_title": "Bhopal - Meditation Centre",
    "url": "/location/yogoda-satsanga-dhyana-mandali-bhopal",
    "meta_value": "Yogoda Satsanga Dhyana Mandali - Bhopal",
    "match_url": "/centre/yogoda_satsanga_dhyana_mandali_bhopal"
  },
  {
    "post_title": "Bhowali - Meditation Centre",
    "url": "/location/yogoda-satsanga-dhyana-mandali-bhowali",
    "meta_value": "Yogoda Satsanga Dhyana Mandali - Bhowali",
    "match_url": "/centre/yogoda_satsanga_dhyana_mandali_bhowali"
  },
  {
    "post_title": "Bhubaneswar - Meditation Centre",
    "url": "/location/yogoda-satsanga-dhyana-kendra-bhubaneswar",
    "meta_value": "Yogoda Satsanga Dhyana Kendra - Bhubaneswar",
    "match_url": "/centre/yogoda_satsanga_dhyana_kendra_bhubaneswar"
  },
  {
    "post_title": "Bhuj - Meditation Centre",
    "url": "/location/yogoda-satsanga-dhyana-mandali-bhuj",
    "meta_value": "Yogoda Satsanga Dhyana Mandali - Bhuj",
    "match_url": "/centre/yogoda_satsanga_dhyana_mandali_bhuj"
  },
  {
    "post_title": "Bijainagar - Meditation Centre",
    "url": "/location/yogoda-satsanga-dhyana-mandali-bijainagar",
    "meta_value": "Yogoda Satsanga Dhyana Mandali - Bijainagar",
    "match_url": "/centre/yogoda_satsanga_dhyana_mandali_bijainagar"
  },
  {
    "post_title": "Bilaspur - Meditation Centre",
    "url": "/location/yogoda-satsanga-dhyana-mandali-bilaspur",
    "meta_value": "Yogoda Satsanga Dhyana Mandali - Bilaspur",
    "match_url": "/centre/yogoda_satsanga_dhyana_mandali_bilaspur"
  },
  {
    "post_title": "Brahmapur - Meditation Centre",
    "url": "/location/yogoda-satsanga-dhyana-kendra-brahmapur",
    "meta_value": "Yogoda Satsanga Dhyana Kendra - Brahmapur",
    "match_url": "/centre/yogoda_satsanga_dhyana_kendra_brahmapur"
  },
  {
    "post_title": "Calicut - Meditation Centre",
    "url": "/location/yogoda-satsanga-dhyana-mandali-calicut",
    "meta_value": "Yogoda Satsanga Dhyana Mandali - Calicut",
    "match_url": "/centre/yogoda_satsanga_dhyana_mandali_calicut"
  },
  {
    "post_title": "Chamba - Meditation Centre",
    "url": "/location/yogoda-satsanga-dhyana-mandali-chamba",
    "meta_value": "Yogoda Satsanga Dhyana Mandali - Chamba",
    "match_url": "/centre/yogoda_satsanga_dhyana_mandali_chamba"
  },
  {
    "post_title": "Chandigarh - Meditation Centre",
    "url": "/location/yogoda-satsanga-dhyana-kendra-chandigarh",
    "meta_value": "Yogoda Satsanga Dhyana Kendra - Chandigarh",
    "match_url": "/centre/yogoda_satsanga_dhyana_mandali_chandrapur"
  },
  {
    "post_title": "Chandrapur - Meditation Centre",
    "url": "/location/yogoda-satsanga-dhyana-mandali-chandrapur",
    "meta_value": "Yogoda Satsanga Dhyana Mandali - Chandrapur",
    "match_url": "/centre/yogoda_satsanga_dhyana_kendra_chandigarh"
  },
  {
    "post_title": "Channagiri - Meditation Centre",
    "url": "/location/yogoda-satsanga-dhyana-kendra-channagiri",
    "meta_value": "Yogoda Satsanga Dhyana Kendra - Channagiri",
    "match_url": "/centre/yogoda_satsanga_dhyana_kendra_channagiri"
  },
  {
    "post_title": "Chennai - Meditation Centre",
    "url": "/location/yogoda-satsanga-dhyana-kendra-chennai",
    "meta_value": "Yogoda Satsanga Dhyana Kendra - Chennai",
    "match_url": "/centre/yogoda_satsanga_dhyana_kendra_chennai"
  },
  {
    "post_title": "Chennai - Retreat",
    "url": "/location/yogoda-satsanga-dhyana-kendra-chennai-retreat",
    "meta_value": "Yogoda Satsanga Dhyana Kendra - Chennai Retreat",
    "match_url": "/centre/yogoda_satsanga_dhyana_kendra_chennai-2"
  },
  {
    "post_title": "Chittoor - Meditation Centre",
    "url": "/location/yogoda-satsanga-dhyana-kendra-chittoor",
    "meta_value": "Yogoda Satsanga Dhyana Kendra - Chittoor",
    "match_url": "/centre/yogoda_satsanga_dhyana_kendra_chittoor"
  },
  {
    "post_title": "Cochin - Meditation Centre",
    "url": "/location/yogoda-satsanga-dhyana-mandali-cochin",
    "meta_value": "Yogoda Satsanga Dhyana Mandali - Cochin",
    "match_url": "/centre/yogoda_satsanga_dhyana_mandali_cochin"
  },
  {
    "post_title": "Coimbatore - Retreat",
    "url": "/location/yogoda-satsanga-dhyana-kendra-coimbatore",
    "meta_value": "Yogoda Satsanga Dhyana Kendra - Coimbatore",
    "match_url": "/centre/yogoda_satsanga_dhyana_kendra_coimbatore"
  },
  {
    "post_title": "Colombo - Meditation Centre",
    "url": "/location/yogoda-satsanga-meditation-group-colombo",
    "meta_value": "Yogoda Satsanga Meditation Group - Colombo",
    "match_url": "/centre/yogoda_satsanga_meditation_group_colombo"
  },
  {
    "post_title": "Cuddalore - Meditation Centre",
    "url": "/location/yogoda-satsanga-dhyana-mandali-cuddalore",
    "meta_value": "Yogoda Satsanga Dhyana Mandali - Cuddalore",
    "match_url": "/centre/yogoda_satsanga_dhyana_mandali_cuddalore"
  },
  {
    "post_title": "Cuttack - Meditation Centre",
    "url": "/location/yogoda-satsanga-dhyana-mandali-cuttack",
    "meta_value": "Yogoda Satsanga Dhyana Mandali - Cuttack",
    "match_url": "/centre/yogoda_satsanga_dhyana_mandali_cuttack"
  },
  {
    "post_title": "Dakshineswar - Ashram",
    "url": "/location/yogoda-satsanga-math-dakshineswar",
    "meta_value": "Yogoda Satsanga Math - Dakshineswar",
    "match_url": "/centre/yogoda_satsanga_math_dakshineswar"
  },
  {
    "post_title": "Daraunda - Meditation Centre",
    "url": "/location/yogoda-satsanga-dhyana-mandali-daraunda",
    "meta_value": "Yogoda Satsanga Dhyana Mandali - Daraunda",
    "match_url": "/centre/yogoda_satsanga_dhyana_mandali_daraunda"
  },
  {
    "post_title": "Darbhanga - Meditation Centre",
    "url": "/location/yogoda-satsanga-dhyana-mandali-darbhanga",
    "meta_value": "Yogoda Satsanga Dhyana Mandali - Darbhanga",
    "match_url": "/centre/yogoda_satsanga_dhyana_mandali_darbhanga"
  },
  {
    "post_title": "Davanagere - Meditation Centre",
    "url": "/location/yogoda-satsanga-dhyana-mandali-davanagere",
    "meta_value": "Yogoda Satsanga Dhyana Mandali - Davanagere",
    "match_url": "/centre/yogoda_satsanga_dhyana_mandali_davanagere"
  },
  {
    "post_title": "Dehradun - Meditation Centre",
    "url": "/location/yogoda-satsanga-dhyana-kendra-dehradun",
    "meta_value": "Yogoda Satsanga Dhyana Kendra - Dehradun",
    "match_url": "/centre/yogoda_satsanga_dhyana_kendra_dehradun"
  },
  {
    "post_title": "Delhi - Meditation Centre",
    "url": "/location/yogoda-satsanga-dhyana-kendra-delhi",
    "meta_value": "Yogoda Satsanga Dhyana Kendra - Delhi",
    "match_url": "/centre/yogoda_satsanga_dhyana_kendra_delhi"
  },
  {
    "post_title": "Dharapuram - Meditation Centre",
    "url": "/location/yogoda-satsanga-dhyana-mandali-dharapuram",
    "meta_value": "Yogoda Satsanga Dhyana Mandali - Dharapuram",
    "match_url": "/centre/yogoda_satsanga_dhyana_mandali_dharapuram"
  },
  {
    "post_title": "Dharmapuri - Meditation Centre",
    "url": "/location/yogoda-satsanga-dhyana-mandali-dharmapuri",
    "meta_value": "Yogoda Satsanga Dhyana Mandali - Dharmapuri",
    "match_url": "/centre/yogoda-satsanga-dhyana-mandali-dharmapuri"
  },
  {
    "post_title": "Dharwad - Meditation Centre",
    "url": "/location/yogoda-satsanga-dhyana-kendra-dharwad",
    "meta_value": "Yogoda Satsanga Dhyana Kendra - Dharwad",
    "match_url": "/centre/yogoda_satsanga_dhyana_kendra_dharwad"
  },
  {
    "post_title": "Dhrangadhra - Meditation Centre",
    "url": "/location/yogoda-satsanga-dhyana-mandali-dhrangadhra",
    "meta_value": "Yogoda Satsanga Dhyana Mandali - Dhrangadhra",
    "match_url": "/centre/yogoda_satsanga_dhyana_mandali_dhrangadhra"
  },
  {
    "post_title": "Dihika - Retreat",
    "url": "/location/yogoda-satsanga-dhyana-kendra-dihika",
    "meta_value": "Yogoda Satsanga Dhyana Kendra - Dihika",
    "match_url": "/centre/yogoda_satsanga_dhyana_kendra_dihika"
  },
  {
    "post_title": "Dindigul - Meditation Centre",
    "url": "/location/yogoda-satsanga-dhyana-mandali-dindigul",
    "meta_value": "Yogoda Satsanga Dhyana Mandali -  Dindigul",
    "match_url": "/centre/yogoda_satsanga_dhyana_mandali_dindigul"
  },
  {
    "post_title": "Durgapur - Meditation Centre",
    "url": "/location/yogoda-satsanga-dhyana-mandali-durgapur",
    "meta_value": "Yogoda Satsanga Dhyana Mandali - Durgapur",
    "match_url": "/centre/yogoda_satsanga_dhyana_mandali_durgapur"
  },
  {
    "post_title": "Dwarahat - Ashram",
    "url": "/location/yogoda-satsanga-sakha-ashram-dwarahat",
    "meta_value": "Yogoda Satsanga Sakha Ashram - Dwarahat",
    "match_url": "/centre/yogoda_satsanga_sakha_ashram_dwarahat"
  },
  {
    "post_title": "Eluru - Meditation Centre",
    "url": "/location/yogoda-satsanga-dhyana-mandali-eluru",
    "meta_value": "Yogoda Satsanga Dhyana Mandali - Eluru",
    "match_url": "/centre/yogoda_satsanga_dhyana_mandali_eluru"
  },
  {
    "post_title": "Faridabad - Meditation Centre",
    "url": "/location/yogoda-satsanga-dhyana-mandali-faridabad",
    "meta_value": "Yogoda Satsanga Dhyana Mandali - Faridabad",
    "match_url": "/centre/yogoda_satsanga_dhyana_mandali_faridabad"
  },
  {
    "post_title": "Gandhidham - Meditation Centre",
    "url": "/location/yogoda-satsanga-dhyana-mandali-gandhidham",
    "meta_value": "Yogoda Satsanga Dhyana Mandali - Gandhidham",
    "match_url": "/centre/yogoda_satsanga_dhyana_mandali_gandhidham"
  },
  {
    "post_title": "Garpar - Meditation Centre",
    "url": "/location/yogoda-satsanga-dhyana-kendra-garpar",
    "meta_value": "Yogoda Satsanga Dhyana Kendra - Garpar",
    "match_url": "/centre/yogoda_satsanga_dhyana_kendra_garpar"
  },
  {
    "post_title": "Gaulapar - Meditation Centre",
    "url": "/location/yogoda-satsanga-dhyana-mandali-gaulapar-haldwani",
    "meta_value": "Yogoda Satsanga Dhyana Mandali – Gaulapar",
    "match_url": "/centre/yogoda-satsanga-dhyana-mandali-gaulapar-haldwani"
  },
  {
    "post_title": "Ghatal - Meditation Centre",
    "url": "/location/yogoda-satsanga-sakha-kendra-ghatal",
    "meta_value": "Yogoda Satsanga Sakha Kendra - Ghatal",
    "match_url": "/centre/yogoda_satsanga_sakha_kendra_ghatal"
  },
  {
    "post_title": "Ghaziabad - Meditation Centre",
    "url": "/location/yogoda-satsanga-dhyana-mandali-ghaziabad",
    "meta_value": "Yogoda Satsanga Dhyana Mandali - Ghaziabad",
    "match_url": "/centre/yogoda_satsanga_dhyana_mandali_ghaziabad"
  },
  {
    "post_title": "Goa - Meditation Centre",
    "url": "/location/yogoda-satsanga-dhyana-kendra-goa",
    "meta_value": "Yogoda Satsanga Dhyana Kendra - Goa",
    "match_url": "/centre/yogoda_satsanga_dhyana_kendra_goa"
  },
  {
    "post_title": "Gonda - Meditation Centre",
    "url": "/location/yogoda-satsanga-dhyana-mandali-gonda",
    "meta_value": "Yogoda Satsanga Dhyana Mandali - Gonda",
    "match_url": "/centre/yogoda_satsanga_dhyana_mandali_gonda"
  },
  {
    "post_title": "Gondal - Meditation Centre",
    "url": "/location/yogoda-satsanga-dhyana-mandali-gondal",
    "meta_value": "Yogoda Satsanga Dhyana Mandali - Gondal",
    "match_url": "/centre/yogoda_satsanga_dhyana_mandali_gondal"
  },
  {
    "post_title": "Gorakhpur - Meditation Centre",
    "url": "/location/yogoda-satsanga-dhyana-mandali-gorakhpur",
    "meta_value": "Yogoda Satsanga Dhyana Mandali - Gorakhpur",
    "match_url": "/centre/yogoda_satsanga_dhyana_mandali_gorakhpur"
  },
  {
    "post_title": "Guntakal - Meditation Centre",
    "url": "/location/yogoda-satsanga-dhyana-mandali-guntakal",
    "meta_value": "Yogoda Satsanga Dhyana Mandali - Guntakal",
    "match_url": "/centre/yogoda_satsanga_dhyana_mandali_guntakal"
  },
  {
    "post_title": "Guntur - Meditation Centre",
    "url": "/location/yogoda-satsanga-dhyana-kendra-guntur",
    "meta_value": "Yogoda Satsanga Dhyana Kendra - Guntur",
    "match_url": "/centre/yogoda_satsanga_dhyana_kendra_guntur"
  },
  {
    "post_title": "Gurugram - Meditation Centre",
    "url": "/location/yogoda-satsanga-dhyana-kendra-gurugram",
    "meta_value": "Yogoda Satsanga Dhyana Kendra - Gurugram",
    "match_url": "/centre/yogoda_satsanga_dhyana_kendra_gurugram"
  },
  {
    "post_title": "Guwahati - Meditation Centre",
    "url": "/location/yogoda-satsanga-dhyana-mandali-guwahati",
    "meta_value": "Yogoda Satsanga Dhyana Mandali - Guwahati",
    "match_url": "/centre/yogoda_satsanga_dhyana_mandali_guwahati"
  },
  {
    "post_title": "Gwalior - Meditation Centre",
    "url": "/location/yogoda-satsanga-dhyana-mandali-gwalior",
    "meta_value": "Yogoda Satsanga Dhyana Mandali - Gwalior",
    "match_url": "/centre/yogoda-satsanga-dhyana-mandali-gwalior"
  },
  {
    "post_title": "Haridwar - Meditation Centre",
    "url": "/location/yogoda-satsanga-dhyana-mandali-haridwar",
    "meta_value": "Yogoda Satsanga Dhyana Mandali - Haridwar",
    "match_url": "/centre/yogoda_satsanga_dhyana_mandali_haridwar"
  },
  {
    "post_title": "Hassan - Meditation Centre",
    "url": "/location/yogoda-satsanga-dhyana-kendra-hassan",
    "meta_value": "Yogoda Satsanga Dhyana Kendra - Hassan",
    "match_url": "/centre/yogoda_satsanga_dhyana_kendra_hassan"
  },
  {
    "post_title": "Hissar - Meditation Centre",
    "url": "/location/yogoda-satsanga-dhyana-mandali-hissar",
    "meta_value": "Yogoda Satsanga Dhyana Mandali - Hissar",
    "match_url": "/centre/yogoda_satsanga_dhyana_mandali_hissar"
  },
  {
    "post_title": "Hoshiarpur - Meditation Centre",
    "url": "/location/yogoda-satsanga-dhyana-mandali-hoshiarpur",
    "meta_value": "Yogoda Satsanga Dhyana Mandali - Hoshiarpur",
    "match_url": "/centre/yogoda_satsanga_dhyana_mandali_hoshiarpur"
  },
  {
    "post_title": "Hubli - Meditation Centre",
    "url": "/location/yogoda-satsanga-dhyana-kendra-hubli",
    "meta_value": "Yogoda Satsanga Dhyana Kendra - Hubli",
    "match_url": "/centre/yogoda_satsanga_dhyana_kendra_hubli"
  },
  {
    "post_title": "Hyderabad - Meditation Centre",
    "url": "/location/yogoda-satsanga-dhyana-kendra-hyderabad",
    "meta_value": "Yogoda Satsanga Dhyana Kendra - Hyderabad",
    "match_url": "/centre/yogoda_satsanga_dhyana_kendra_hyderabad"
  },
  {
    "post_title": "Igatpuri - Retreat",
    "url": "/location/yogoda-satsanga-dhyana-kendra-igatpuri",
    "meta_value": "Yogoda Satsanga Dhyana Kendra - Igatpuri",
    "match_url": "/centre/yogoda_satsanga_dhyana_kendra_igatpuri"
  },
  {
    "post_title": "Indore - Meditation Centre",
    "url": "/location/yogoda-satsanga-dhyana-kendra-indore",
    "meta_value": "Yogoda Satsanga Dhyana Kendra - Indore",
    "match_url": "/centre/yogoda_satsanga_dhyana_kendra_indore"
  },
  {
    "post_title": "Ismalichak - Meditation Centre",
    "url": "/location/yogoda-satsanga-sakha-kendra-ismalichak",
    "meta_value": "Yogoda Satsanga Sakha Kendra - Ismalichak",
    "match_url": "/centre/yogoda_satsanga_sakha_kendra_ismalichak"
  },
  {
    "post_title": "Jabalpur - Meditation Centre",
    "url": "/location/yogoda-satsanga-dhyana-kendra-jabalpur",
    "meta_value": "Yogoda Satsanga Dhyana Kendra - Jabalpur",
    "match_url": "/centre/yogoda_satsanga_dhyana_kendra_jabalpur"
  },
  {
    "post_title": "Jaipur - Meditation Centre",
    "url": "/location/yogoda-satsanga-dhyana-kendra-jaipur",
    "meta_value": "Yogoda Satsanga Dhyana Kendra - Jaipur",
    "match_url": "/centre/yogoda_satsanga_dhyana_kendra_jaipur"
  },
  {
    "post_title": "Jajpur - Meditation Centre",
    "url": "/location/yogoda-satsanga-dhyana-mandali-jajpur",
    "meta_value": "Yogoda Satsanga Dhyana Mandali - Jajpur",
    "match_url": "/centre/yogoda_satsanga_dhyana_mandali_jajpur"
  },
  {
    "post_title": "Jalandhar - Meditation Centre",
    "url": "/location/yogoda-satsanga-dhyana-mandali-jalandhar",
    "meta_value": "Yogoda Satsanga Dhyana Mandali - Jalandhar",
    "match_url": "/centre/yogoda_satsanga_dhyana_mandali_jalandhar"
  },
  {
    "post_title": "Jammu - Meditation Centre",
    "url": "/location/yogoda-satsanga-dhyana-kendra-jammu",
    "meta_value": "Yogoda Satsanga Dhyana Kendra - Jammu",
    "match_url": "/centre/yogoda_satsanga_dhyana_kendra_jammu"
  },
  {
    "post_title": "Jamnagar - Meditation Centre",
    "url": "/location/yogoda-satsanga-dhyana-kendra-jamnagar",
    "meta_value": "Yogoda Satsanga Dhyana Kendra - Jamnagar",
    "match_url": "/centre/yogoda_satsanga_dhyana_mandali_jamnagar"
  },
  {
    "post_title": "Jamshedpur - Meditation Centre",
    "url": "/location/yogoda-satsanga-dhyana-mandali-jamshedpur",
    "meta_value": "Yogoda Satsanga Dhyana Mandali - Jamshedpur",
    "match_url": "/centre/yogoda_satsanga_dhyana_mandali_jamshedpur"
  },
  {
    "post_title": "Jodhpur - Meditation Centre",
    "url": "/location/yogoda-satsanga-dhyana-mandali-jodhpur",
    "meta_value": "Yogoda Satsanga Dhyana Mandali - Jodhpur",
    "match_url": "/centre/yogoda_satsanga_dhyana_mandali_jodhpur"
  },
  {
    "post_title": "Junagadh - Meditation Centre",
    "url": "/location/yogoda-satsanga-dhyana-mandali-junagadh",
    "meta_value": "Yogoda Satsanga Dhyana Mandali - Junagadh",
    "match_url": "/centre/yogoda_satsanga_dhyana_mandali_junagadh"
  },
  {
    "post_title": "Kadapa - Meditation Centre",
    "url": "/location/yogoda-satsanga-dhyana-mandali-kadapa",
    "meta_value": "Yogoda Satsanga Dhyana Mandali - Kadapa",
    "match_url": "/centre/yogoda_satsanga_dhyana_mandali_kadapa"
  },
  {
    "post_title": "Kaiga-Karwar - Meditation Centre",
    "url": "/location/yogoda-satsanga-dhyana-mandali-kaiga-karwar",
    "meta_value": "Yogoda Satsanga Dhyana Mandali - Kaiga-Karwar",
    "match_url": "/centre/yogoda_satsanga_dhyana_mandali_kaiga-karwar"
  },
  {
    "post_title": "Kakinada - Meditation Centre",
    "url": "/location/yogoda-satsanga-dhyana-mandali-kakinada",
    "meta_value": "Yogoda Satsanga Dhyana Mandali - Kakinada",
    "match_url": "/centre/yogoda_satsanga_dhyana_mandali_kakinada"
  },
  {
    "post_title": "Kalaburagi - Meditation Centre",
    "url": "/location/yogoda-satsanga-dhyana-mandali-kalaburagi",
    "meta_value": "Yogoda Satsanga Dhyana Mandali - Kalaburagi",
    "match_url": "/centre/yogoda_satsanga_dhyana_mandali_kalaburagi"
  },
  {
    "post_title": "Kannur - Meditation Centre",
    "url": "/location/yogoda-satsanga-dhyana-kendra-kannur",
    "meta_value": "Yogoda Satsanga Dhyana Kendra - Kannur",
    "match_url": "/centre/yogoda_satsanga_dhyana_kendra_kannur"
  },
  {
    "post_title": "Kanpur - Meditation Centre",
    "url": "/location/yogoda-satsanga-dhyana-mandali-kanpur",
    "meta_value": "Yogoda Satsanga Dhyana Mandali - Kanpur",
    "match_url": "/centre/yogoda_satsanga_dhyana_mandali_kanpur"
  },
  {
    "post_title": "Kashidih - Meditation Centre",
    "url": "/location/yogoda-satsanga-dhyana-mandali-kashidih",
    "meta_value": "Yogoda Satsanga Dhyana Mandali - Kashidih",
    "match_url": "/centre/yogoda_satsanga_dhyana_mandali_kashidih"
  },
  {
    "post_title": "Kathgodam - Meditation Centre",
    "url": "/location/yogoda-satsanga-dhyana-mandali-kathgodam",
    "meta_value": "Yogoda Satsanga Dhyana Mandali - Kathgodam",
    "match_url": "/centre/yogoda_satsanga_dhyana_mandali_kathgodam"
  },
  {
    "post_title": "Kathua - Meditation Centre",
    "url": "/location/yogoda-satsanga-dhyana-mandali-kathua",
    "meta_value": "Yogoda Satsanga Dhyana Mandali - Kathua",
    "match_url": "/centre/yogoda_satsanga_dhyana_mandali_kathua"
  },
  {
    "post_title": "Khammam - Meditation Centre",
    "url": "/location/yogoda-satsanga-dhyana-mandali-khammam",
    "meta_value": "Yogoda Satsanga Dhyana Mandali - Khammam",
    "match_url": "/centre/yogoda_satsanga_dhyana_mandali_khammam"
  },
  {
    "post_title": "Kolhapur - Meditation Centre",
    "url": "/location/yogoda-satsanga-dhyana-mandali-kolhapur",
    "meta_value": "Yogoda Satsanga Dhyana Mandali - Kolhapur",
    "match_url": "/centre/yogoda_satsanga_dhyana_mandali_kolhapur"
  },
  {
    "post_title": "Kopundole - Meditation Centre",
    "url": "/location/paramahansa-yogananda-dhyana-samaj-nepal-pydsn-kopundole",
    "meta_value": "Paramahansa Yogananda Dhyana Samaj Nepal (PYDSN) - Kopundole",
    "match_url": "https://yssofindia.org/hi/centre/paramahans_yogananda_dhyana_samaj_kopundole_kathmandu"
  },
  {
    "post_title": "Korba - Meditation Centre",
    "url": "/location/yogoda-satsanga-dhyana-mandali-korba",
    "meta_value": "Yogoda Satsanga Dhyana Mandali - Korba",
    "match_url": "/centre/yogoda_satsanga_dhyana_mandali_korba"
  },
  {
    "post_title": "Kota - Meditation Centre",
    "url": "/location/yogoda-satsanga-dhyana-mandali-kota",
    "meta_value": "Yogoda Satsanga Dhyana Mandali - Kota",
    "match_url": "/centre/yogoda_satsanga_dhyana_mandali_kota"
  },
  {
    "post_title": "Kottayam - Meditation Centre",
    "url": "/location/yogoda-satsanga-dhyana-mandali-kottayam",
    "meta_value": "Yogoda Satsanga Dhyana Mandali – Kottayam",
    "match_url": "/centre/yogoda-satsanga-dhyana-mandali-kottayam"
  },
  {
    "post_title": "Krishnagiri - Meditation Centre",
    "url": "/location/yogoda-satsanga-dhyana-mandali-krishnagiri",
    "meta_value": "Yogoda Satsanga Dhyana Mandali - Krishnagiri",
    "match_url": "/centre/yogoda_satsanga_dhyana_mandali_krishnagiri"
  },
  {
    "post_title": "Kullu - Meditation Centre",
    "url": "/location/yogoda-satsanga-dhyana-mandali-kullu",
    "meta_value": "Yogoda Satsanga Dhyana Mandali - Kullu",
    "match_url": "/centre/yogoda_satsanga_dhyana_mandali_kullu"
  },
  {
    "post_title": "Kumbakonam - Meditation Centre",
    "url": "/location/yogoda-satsanga-dhyana-mandali-kumbakonam",
    "meta_value": "Yogoda Satsanga Dhyana Mandali - Kumbakonam",
    "match_url": "/centre/yogoda-satsanga-dhyana-mandali-kumbakonam"
  },
  {
    "post_title": "Kunjpura - Meditation Centre",
    "url": "/location/yogoda-satsanga-dhyana-mandali-kunjpura",
    "meta_value": "Yogoda Satsanga Dhyana Mandali - Kunjpura",
    "match_url": "/centre/yogoda_satsanga_dhyana_mandali_kunjpura"
  },
  {
    "post_title": "Kuppam - Meditation Centre",
    "url": "/location/yogoda-satsanga-dhyana-mandali-kuppam",
    "meta_value": "Yogoda Satsanga Dhyana Mandali - Kuppam",
    "match_url": "/centre/yogoda_satsanga_dhyana_mandali_kuppam"
  },
  {
    "post_title": "Kurnool - Meditation Centre",
    "url": "/location/yogoda-satsanga-dhyana-mandali-kurnool",
    "meta_value": "Yogoda Satsanga Dhyana Mandali - Kurnool",
    "match_url": "/centre/yogoda_satsanga_dhyana_mandali_kurnool"
  },
  {
    "post_title": "Kurukshetra - Meditation Centre",
    "url": "/location/yogoda-satsanga-dhyana-mandali-kurukshetra",
    "meta_value": "Yogoda Satsanga Dhyana Mandali - Kurukshetra",
    "match_url": "/centre/yogoda_satsanga_dhyana_mandali_kurukshetra"
  },
  {
    "post_title": "Lakhanpur - Meditation Centre",
    "url": "/location/yogoda-satsanga-sakha-ashram-lakhanpur",
    "meta_value": "Yogoda Satsanga Sakha Ashram - Lakhanpur",
    "match_url": "/centre/yogoda_satsanga_sakha_ashram_lakhanpur"
  },
  {
    "post_title": "Lalitpur - Meditation Centre",
    "url": "/location/yogoda-satsanga-dhyana-mandali-lalitpur",
    "meta_value": "Yogoda Satsanga Dhyana Mandali - Lalitpur",
    "match_url": "/centre/yogoda_satsanga_dhyana_mandali_lalitpur"
  },
  {
    "post_title": "Lucknow - Meditation Centre",
    "url": "/location/yogoda-satsanga-dhyana-kendra-lucknow",
    "meta_value": "Yogoda Satsanga Dhyana Kendra - Lucknow",
    "match_url": "/centre/yogoda_satsanga_dhyana_kendra_lucknow"
  },
  {
    "post_title": "Ludhiana - Meditation Centre",
    "url": "/location/yogoda-satsanga-dhyana-kendra-ludhiana",
    "meta_value": "Yogoda Satsanga Dhyana Kendra - Ludhiana",
    "match_url": "/centre/yogoda_satsanga_dhyana_kendra_ludhiana"
  },
  {
    "post_title": "Machilipatnam - Meditation Centre",
    "url": "/location/yogoda-satsanga-dhyana-mandali-machilipatnam",
    "meta_value": "Yogoda Satsanga Dhyana Mandali - Machilipatnam",
    "match_url": "/centre/yogoda_satsanga_dhyana_mandali_machilipatnam"
  },
  {
    "post_title": "Madanapalle - Meditation Centre",
    "url": "/location/yogoda-satsanga-dhyana-mandali-madanapalle",
    "meta_value": "Yogoda Satsanga Dhyana Mandali - Madanapalle",
    "match_url": "/centre/yogoda_satsanga_dhyana_mandali_madanapalle"
  },
  {
    "post_title": "Madurai - Meditation Centre",
    "url": "/location/yogoda-satsanga-dhyana-kendra-madurai",
    "meta_value": "Yogoda Satsanga Dhyana Kendra - Madurai",
    "match_url": "/centre/yogoda_satsanga_dhyana_mandali_madurai"
  },
  {
    "post_title": "Malda - Meditation Centre",
    "url": "/location/yogoda-satsanga-dhyana-mandali-malda",
    "meta_value": "Yogoda Satsanga Dhyana Mandali - Malda",
    "match_url": "/centre/yogoda_satsanga_dhyana_mandali_malda"
  },
  {
    "post_title": "Manapparai - Meditation Centre",
    "url": "/location/yogoda-satsanga-dhyana-mandali-manapparai",
    "meta_value": "Yogoda Satsanga Dhyana Mandali - Manapparai",
    "match_url": "/centre/yogoda_satsanga_dhyana_mandali_manapparai"
  },
  {
    "post_title": "Mandi - Meditation Centre",
    "url": "/location/yogoda-satsanga-dhyana-mandali-mandi",
    "meta_value": "Yogoda Satsanga Dhyana Mandali - Mandi",
    "match_url": "/centre/yogoda_satsanga_dhyana_mandali_mandi"
  },
  {
    "post_title": "Mangalagiri - Meditation Centre",
    "url": "/location/yogoda-satsanga-dhyana-mandali-mangalagiri",
    "meta_value": "Yogoda Satsanga Dhyana Mandali - Mangalagiri",
    "match_url": "/centre/yogoda_satsanga_dhyana_mandali_mangalagiri"
  },
  {
    "post_title": "Mangaluru - Meditation Centre",
    "url": "/location/yogoda-satsanga-dhyana-kendra-mangaluru",
    "meta_value": "Yogoda Satsanga Dhyana Kendra - Mangaluru",
    "match_url": "/centre/yogoda_satsanga_dhyana_kendra_mangaluru"
  },
  {
    "post_title": "Mankapur - Meditation Centre",
    "url": "/location/yogoda-satsanga-dhyana-mandali-mankapur",
    "meta_value": "Yogoda Satsanga Dhyana Mandali - Mankapur",
    "match_url": "/centre/yogoda_satsanga_dhyana_mandali_mankapur"
  },
  {
    "post_title": "Meerut - Meditation Centre",
    "url": "/location/yogoda-satsanga-dhyana-mandali-meerut",
    "meta_value": "Yogoda Satsanga Dhyana Mandali - Meerut",
    "match_url": "/centre/yogoda_satsanga_dhyana_mandali_meerut"
  },
  {
    "post_title": "Miraj - Meditation Centre",
    "url": "/location/yogoda-satsanga-dhyana-mandali-miraj",
    "meta_value": "Yogoda Satsanga Dhyana Mandali - Miraj",
    "match_url": "/centre/yogoda_satsanga_dhyana_mandali_miraj"
  },
  {
    "post_title": "Mirzapur - Meditation Centre",
    "url": "/location/yogoda-satsanga-dhyana-mandali-mirzapur",
    "meta_value": "Yogoda Satsanga Dhyana Mandali - Mirzapur",
    "match_url": "/centre/yogoda_satsanga_dhyana_mandali_mirzapur"
  },
  {
    "post_title": "Mumbai - Meditation Centre",
    "url": "/location/mumbai",
    "meta_value": "Yogoda Satsanga Dhyana Kendra - Mumbai",
    "match_url": "/centre/yogoda_satsanga_dhyana_kendra_mumbai"
  },
  {
    "post_title": "Muzaffarnagar - Meditation Centre",
    "url": "/location/yogoda-satsanga-dhyana-mandali-muzaffarnagar",
    "meta_value": "Yogoda Satsanga Dhyana Mandali - Muzaffarnagar",
    "match_url": "/centre/yogoda_satsanga_dhyana_mandali_muzaffarnagar"
  },
  {
    "post_title": "Muzaffarpur - Meditation Centre",
    "url": "/location/yogoda-satsanga-dhyana-kendra-muzaffarpur",
    "meta_value": "Yogoda Satsanga Dhyana Kendra - Muzaffarpur",
    "match_url": "/centre/yogoda_satsanga_dhyana_kendra_muzaffarpur"
  },
  {
    "post_title": "Mysore - Meditation Centre",
    "url": "/location/yogoda-satsanga-dhyana-kendra-mysore",
    "meta_value": "Yogoda Satsanga Dhyana Kendra - Mysore",
    "match_url": "/centre/yogoda_satsanga_dhyana_kendra_mysore"
  },
  {
    "post_title": "Nagapattinam - Meditation Centre",
    "url": "/location/yogoda-satsanga-dhyana-mandali-nagapattinam",
    "meta_value": "Yogoda Satsanga Dhyana Mandali - Nagapattinam",
    "match_url": "/centre/yogoda_satsanga_dhyana_mandali_nagapattinam"
  },
  {
    "post_title": "Nagpur - Meditation Centre",
    "url": "/location/yogoda-satsanga-dhyana-kendra-nagpur",
    "meta_value": "Yogoda Satsanga Dhyana Kendra - Nagpur",
    "match_url": "/centre/yogoda_satsanga_dhyana_kendra_nagpur"
  },
  {
    "post_title": "Nahan - Meditation Centre",
    "url": "/location/yogoda-satsanga-dhyana-mandali-nahan",
    "meta_value": "Yogoda Satsanga Dhyana Mandali - Nahan",
    "match_url": "/centre/yogoda_satsanga_dhyana_mandali_nahan"
  },
  {
    "post_title": "Nainital - Meditation Centre",
    "url": "/location/yogoda-satsanga-dhyana-mandali-nainital",
    "meta_value": "Yogoda Satsanga Dhyana Mandali - Nainital",
    "match_url": "/centre/yogoda_satsanga_dhyana_mandali_nainital"
  },
  {
    "post_title": "Nallajerla - Meditation Centre",
    "url": "/location/yogoda-satsanga-dhyana-mandali-nallajerla",
    "meta_value": "Yogoda Satsanga Dhyana Mandali - Nallajerla",
    "match_url": "/centre/yogoda_satsanga_dhyana_mandali_nallajerla"
  },
  {
    "post_title": "Namakkal - Meditation Centre",
    "url": "/location/yogoda-satsanga-dhyana-mandali-namakkal",
    "meta_value": "Yogoda Satsanga Dhyana Mandali - Namakkal",
    "match_url": "/centre/yogoda_satsanga_dhyana_mandali_namakkal"
  },
  {
    "post_title": "Nasik - Meditation Centre",
    "url": "/location/yogoda-satsanga-dhyana-mandali-nasik",
    "meta_value": "Yogoda Satsanga Dhyana Mandali - Nasik",
    "match_url": "/centre/yogoda_satsanga_dhyana_mandali_nasik"
  },
  {
    "post_title": "Nayagarh - Meditation Centre",
    "url": "/location/yogoda-satsanga-dhyana-mandali-nayagarh",
    "meta_value": "Yogoda Satsanga Dhyana Mandali - Nayagarh",
    "match_url": "/centre/yogoda_satsanga_dhyana_mandali_nayagarh"
  },
  {
    "post_title": "Nellore - Meditation Centre",
    "url": "/location/yogoda-satsanga-dhyana-mandali-nellore",
    "meta_value": "Yogoda Satsanga Dhyana Mandali - Nellore",
    "match_url": "/centre/yogoda_satsanga_dhyana_mandali_nellore"
  },
  {
    "post_title": "Neyyattinkara - Meditation Centre",
    "url": "/location/yogoda-satsanga-dhyana-mandali-neyyattinkara",
    "meta_value": "Yogoda Satsanga Dhyana Mandali - Neyyattinkara",
    "match_url": "/centre/yogoda_satsanga_dhyana_mandali_neyyattinkara"
  },
  {
    "post_title": "Nimpura - Meditation Centre",
    "url": "/location/yogoda-satsanga-dhyana-kendra-nimpura",
    "meta_value": "Yogoda Satsanga Dhyana Kendra - Nimpura",
    "match_url": "/centre/yogoda_satsanga_dhyana_kendra_nimpura"
  },
  {
    "post_title": "Noida - Ashram",
    "url": "/location/all",
    "meta_value": "Yogoda Satsanga Sakha Ashram - Noida",
    "match_url": "/centre/all"
  },
  {
    "post_title": "Nuzvid - Meditation Centre",
    "url": "/location/yogoda-satsanga-dhyana-mandali-nuzvid",
    "meta_value": "Yogoda Satsanga Dhyana Mandali - Nuzvid",
    "match_url": "/centre/yogoda_satsanga_dhyana_mandali_nuzvid"
  },
  {
    "post_title": "Ongole - Meditation Centre",
    "url": "/location/yogoda-satsanga-dhyana-mandali-ongole",
    "meta_value": "Yogoda Satsanga Dhyana Mandali – Ongole",
    "match_url": "/centre/yogoda-satsanga-dhyana-mandali-ongole"
  },
  {
    "post_title": "Palakkad - Meditation Centre",
    "url": "/location/yogoda-satsanga-dhyana-mandali-palakkad",
    "meta_value": "Yogoda Satsanga Dhyana Mandali - Palakkad",
    "match_url": "/centre/yogoda_satsanga_dhyana_mandali_palakkad"
  },
  {
    "post_title": "Palamaner - Meditation Centre",
    "url": "/location/yogoda-satsanga-dhyana-mandali-palamaner",
    "meta_value": "Yogoda Satsanga Dhyana Mandali - Palamaner",
    "match_url": "/centre/yogoda_satsanga_dhyana_mandali_palamaner"
  },
  {
    "post_title": "Palampur - Meditation Centre",
    "url": "/location/yogoda-satsanga-dhyana-mandali-palampur",
    "meta_value": "Yogoda Satsanga Dhyana Mandali - Palampur",
    "match_url": "/centre/yogoda_satsanga_dhyana_mandali_palampur"
  },
  {
    "post_title": "Palani - Meditation Centre",
    "url": "/location/yogoda-satsanga-dhyana-mandali-palani",
    "meta_value": "Yogoda Satsanga Dhyana Mandali – Palani",
    "match_url": "/centre/yogoda-satsanga-dhyana-mandali-palani"
  },
  {
    "post_title": "Palpara - Meditation Centre",
    "url": "/location/yogoda-satsanga-sakha-kendra-palpara",
    "meta_value": "Yogoda Satsanga Sakha Kendra - Palpara",
    "match_url": "/centre/yogoda_satsanga_sakha_kendra_palpara"
  },
  {
    "post_title": "Palus - Meditation Centre",
    "url": "/location/yogoda-satsanga-dhyana-mandali-palus",
    "meta_value": "Yogoda Satsanga Dhyana Mandali - Palus",
    "match_url": "/centre/yogoda-satsanga-dhyana-mandali-palus"
  },
  {
    "post_title": "Paramakudi - Meditation Centre",
    "url": "/location/yogoda-satsanga-dhyana-mandali-paramakudi",
    "meta_value": "Yogoda Satsanga Dhyana Mandali - Paramakudi",
    "match_url": "/centre/yogoda_satsanga_dhyana_mandali_paramakudi"
  },
  {
    "post_title": "Pathankot - Meditation Centre",
    "url": "/location/yogoda-satsanga-dhyana-kendra-pathankot",
    "meta_value": "Yogoda Satsanga Dhyana Kendra - Pathankot",
    "match_url": "/centre/yogoda_satsanga_dhyana_kendra_pathankot"
  },
  {
    "post_title": "Patiala - Meditation Centre",
    "url": "/location/yogoda-satsanga-dhyana-mandali-patiala",
    "meta_value": "Yogoda Satsanga Dhyana Mandali - Patiala",
    "match_url": "/centre/yogoda_satsanga_dhyana_mandali_patiala"
  },
  {
    "post_title": "Patna - Meditation Centre",
    "url": "/location/yogoda-satsanga-dhyana-kendra-patna",
    "meta_value": "Yogoda Satsanga Dhyana Kendra - Patna",
    "match_url": "/centre/yogoda_satsanga_dhyana_kendra_patna"
  },
  {
    "post_title": "Pithapuram - Meditation Centre",
    "url": "/location/yogoda-satsanga-dhyana-kendra-pithapuram",
    "meta_value": "Yogoda Satsanga Dhyana Kendra - Pithapuram",
    "match_url": "/centre/yogoda_satsanga_dhyana_kendra_pithapuram"
  },
  {
    "post_title": "Pokhara - Meditation Centre",
    "url": "/location/yogoda-satsanga-dhyana-mandali-pokhara",
    "meta_value": "Yogoda Satsanga Dhyana Mandali - Pokhara",
    "match_url": "/centre/yogoda_satsanga_dhyana_mandali_pokhara"
  },
  {
    "post_title": "Pondicherry - Meditation Centre",
    "url": "/location/yogoda-satsanga-dhyana-mandali-pondicherry",
    "meta_value": "Yogoda Satsanga Dhyana Mandali - Pondicherry",
    "match_url": "/centre/yogoda_satsanga_dhyana_mandali_pondicherry"
  },
  {
    "post_title": "Porbandar - Meditation Centre",
    "url": "/location/yogoda-satsanga-dhyana-mandali-porbandar",
    "meta_value": "Yogoda Satsanga Dhyana Mandali - Porbandar",
    "match_url": "/centre/yogoda_satsanga_dhyana_mandali_porbandar"
  },
  {
    "post_title": "Prayagraj - Meditation Centre",
    "url": "/location/yogoda-satsanga-dhyana-kendra-prayagraj",
    "meta_value": "Yogoda Satsanga Dhyana Kendra - Prayagraj",
    "match_url": "/centre/yogoda_satsanga_dhyana_kendra_prayagraj"
  },
  {
    "post_title": "Pune - Meditation Centre",
    "url": "/location/yogoda-satsanga-dhyana-kendra-pune",
    "meta_value": "Yogoda Satsanga Dhyana Kendra - Pune",
    "match_url": "/centre/yogoda_satsanga_dhyana_kendra_pune"
  },
  {
    "post_title": "Pune - Retreat",
    "url": "/location/yogoda-satsanga-sarovar-sadhanalaya-pune",
    "meta_value": "Yogoda Satsanga Sarovar Sadhanalaya - Pune",
    "match_url": ""
  },
  {
    "post_title": "Puri - Retreat",
    "url": "/location/yogoda-satsanga-dhyana-kendra-puri",
    "meta_value": "Yogoda Satsanga Dhyana Kendra - Puri",
    "match_url": "/centre/yogoda_satsanga_dhyana_kendra_puri"
  },
  {
    "post_title": "Raipur - Meditation Centre",
    "url": "/location/yogoda-satsanga-dhyana-mandali-raipur",
    "meta_value": "Yogoda Satsanga Dhyana Mandali - Raipur",
    "match_url": "/centre/yogoda_satsanga_dhyana_mandali_raipur"
  },
  {
    "post_title": "Rajahmundry - Meditation Centre",
    "url": "/location/yogoda-satsanga-dhyana-kendra-rajahmundry",
    "meta_value": "Yogoda Satsanga Dhyana Kendra - Rajahmundry",
    "match_url": "/centre/yogoda_satsanga_dhyana_kendra_rajahmundry"
  },
  {
    "post_title": "Rajkot - Meditation Centre",
    "url": "/location/yogoda-satsanga-dhyana-kendra-rajkot",
    "meta_value": "Yogoda Satsanga Dhyana Kendra - Rajkot",
    "match_url": "/centre/yogoda_satsanga_dhyana_kendra_rajkot"
  },
  {
    "post_title": "Ramanathapuram - Meditation Centre",
    "url": "/location/yogoda-satsanga-dhyana-mandali-ramanathapuram",
    "meta_value": "Yogoda Satsanga Dhyana Mandali - Ramanathapuram",
    "match_url": "/centre/yogoda_satsanga_dhyana_mandali_ramanathapuram"
  },
  {
    "post_title": "Ranchi – Ashram",
    "url": "/location/yogoda-satsanga-sakha-math-ranchi",
    "meta_value": "Yogoda Satsanga Sakha Math - Ranchi",
    "match_url": "/centre/yogoda_satsanga_sakha_math_ranchi"
  },
  {
    "post_title": "Rangamati - Meditation Centre",
    "url": "/location/yogoda-satsanga-dhyana-kendra-rangamati",
    "meta_value": "Yogoda Satsanga Dhyana Kendra - Rangamati",
    "match_url": "/centre/yogoda_satsanga_dhyana_mandali_raniganj"
  },
  {
    "post_title": "Raniganj - Meditation Centre",
    "url": "/location/yogoda-satsanga-dhyana-mandali-raniganj",
    "meta_value": "Yogoda Satsanga Dhyana Mandali - Raniganj",
    "match_url": "/centre/yogoda_satsanga_dhyana_kendra_rangamati"
  },
  {
    "post_title": "Rawatbhata - Meditation Centre",
    "url": "/location/yogoda-satsanga-dhyana-mandali-rawatbhata",
    "meta_value": "Yogoda Satsanga Dhyana Mandali - Rawatbhata",
    "match_url": "/centre/yogoda_satsanga_dhyana_mandali_rawatbhata"
  },
  {
    "post_title": "Rishikesh - Meditation Centre",
    "url": "/location/yogoda-satsanga-dhyana-mandali-rishikesh",
    "meta_value": "Yogoda Satsanga Dhyana Mandali - Rishikesh",
    "match_url": "/centre/yogoda-satsanga-dhyana-mandali-rishikesh"
  },
  {
    "post_title": "Rohtak - Meditation Centre",
    "url": "/location/yogoda-satsanga-dhyana-mandali-rohtak",
    "meta_value": "Yogoda Satsanga Dhyana Mandali - Rohtak",
    "match_url": "/centre/yogoda_satsanga_dhyana_mandali_rohtak"
  },
  {
    "post_title": "Roorkee - Meditation Centre",
    "url": "/location/yogoda-satsanga-dhyana-mandali-roorkee",
    "meta_value": "Yogoda Satsanga Dhyana Mandali - Roorkee",
    "match_url": "/centre/yogoda_satsanga_dhyana_mandali_roorkee"
  },
  {
    "post_title": "Rourkela - Meditation Centre",
    "url": "/location/yogoda-satsanga-dhyana-mandali-rourkela",
    "meta_value": "Yogoda Satsanga Dhyana Mandali - Rourkela",
    "match_url": "/centre/yogoda_satsanga_dhyana_mandali_rourkela"
  },
  {
    "post_title": "Saharanpur - Meditation Centre",
    "url": "/location/yogoda-satsanga-dhyana-mandali-saharanpur",
    "meta_value": "Yogoda Satsanga Dhyana Mandali - Saharanpur",
    "match_url": "/centre/yogoda_satsanga_dhyana_mandali_saharanpur"
  },
  {
    "post_title": "Sahibabad - Meditation Centre",
    "url": "/location/yogoda-satsanga-dhyana-mandali-sahibabad",
    "meta_value": "Yogoda Satsanga Dhyana Mandali - Sahibabad",
    "match_url": "/centre/yogoda_satsanga_dhyana_mandali_sahibabad"
  },
  {
    "post_title": "Salem - Meditation Centre",
    "url": "/location/yogoda-satsanga-dhyana-mandali-salem",
    "meta_value": "Yogoda Satsanga Dhyana Mandali - Salem",
    "match_url": "/centre/yogoda_satsanga_dhyana_mandali_salem"
  },
  {
    "post_title": "Salipur - Meditation Centre",
    "url": "/location/yogoda-satsanga-dhyana-mandali-salipur",
    "meta_value": "Yogoda Satsanga Dhyana Mandali - Salipur",
    "match_url": "/centre/yogoda_satsanga_dhyana_mandali_salipur"
  },
  {
    "post_title": "Sambalpur - Meditation Centre",
    "url": "/location/yogoda-satsanga-dhyana-mandali-sambalpur",
    "meta_value": "Yogoda Satsanga Dhyana Mandali - Sambalpur",
    "match_url": "/centre/yogoda_satsanga_dhyana_mandali_sambalpur"
  },
  {
    "post_title": "Sankagiri - Meditation Centre",
    "url": "/location/yogoda-satsanga-dhyana-mandali-sankagiri",
    "meta_value": "Yogoda Satsanga Dhyana Mandali - Sankagiri",
    "match_url": "/centre/yogoda_satsanga_dhyana_mandali_sankagiri"
  },
  {
    "post_title": "Sant Kabir Nagar - Meditation Centre",
    "url": "/location/yogoda-satsanga-dhyana-mandali-sant-kabir-nagar",
    "meta_value": "Yogoda Satsanga Dhyana Mandali - Sant Kabir Nagar",
    "match_url": "/centre/yogoda_satsanga_dhyana_mandali_sant_kabir_nagar"
  },
  {
    "post_title": "Santiniketan - Meditation Centre",
    "url": "/location/yogoda-satsanga-dhyana-mandali-santiniketan",
    "meta_value": "Yogoda Satsanga Dhyana Mandali - Santiniketan",
    "match_url": "/centre/yogoda-satsanga-dhyana-mandali-santiniketan"
  },
  {
    "post_title": "Satara - Meditation Centre",
    "url": "/location/yogoda-satsanga-dhyana-mandali-satara",
    "meta_value": "Yogoda Satsanga Dhyana Mandali - Satara",
    "match_url": "/centre/yogoda_satsanga_dhyana_mandali_satara"
  },
  {
    "post_title": "Saundatti - Meditation Centre",
    "url": "/location/yogoda-satsanga-dhyana-mandali-saundatti",
    "meta_value": "Yogoda Satsanga Dhyana Mandali - Saundatti",
    "match_url": "/centre/yogoda-satsanga-dhyana-mandali-saundatti"
  },
  {
    "post_title": "Serampore - Retreat",
    "url": "/location/yogoda-satsanga-dhyana-kendra-serampore",
    "meta_value": "Yogoda Satsanga Dhyana Kendra - Serampore",
    "match_url": "/centre/yogoda_satsanga_dhyana_kendra_serampore"
  },
  {
    "post_title": "Shimla - Meditation Centre",
    "url": "/location/yogoda-satsanga-dhyana-kendra-shimla",
    "meta_value": "Yogoda Satsanga Dhyana Kendra - Shimla",
    "match_url": "/centre/yogoda_satsanga_dhyana_kendra_shimla"
  },
  {
    "post_title": "Shimla - Retreat",
    "url": "/location/yogoda-satsanga-ananda-shikhar-sadhanalaya-shimla",
    "meta_value": "Yogoda Satsanga Ananda Shikhar Sadhanalaya - Shimla",
    "match_url": ""
  },
  {
    "post_title": "Shivamogga - Meditation Centre",
    "url": "/location/yogoda-satsanga-dhyana-mandali-shivamogga",
    "meta_value": "Yogoda Satsanga Dhyana Mandali - Shivamogga",
    "match_url": "/centre/yogoda_satsanga_dhyana_mandali_shivamogga"
  },
  {
    "post_title": "Siddapur - Meditation Centre",
    "url": "/location/yogoda-satsanga-dhyana-mandali-siddapur",
    "meta_value": "Yogoda Satsanga Dhyana Mandali - Siddapur",
    "match_url": "/centre/yogoda_satsanga_dhyana_mandali_siddapur"
  },
  {
    "post_title": "Silchar - Meditation Centre",
    "url": "/location/yogoda-satsanga-dhyana-mandali-silchar",
    "meta_value": "Yogoda Satsanga Dhyana Mandali - Silchar",
    "match_url": "/centre/yogoda_satsanga_dhyana_mandali_silchar"
  },
  {
    "post_title": "Siliguri - Meditation Centre",
    "url": "/location/yogoda-satsanga-dhyana-mandali-siliguri",
    "meta_value": "Yogoda Satsanga Dhyana Mandali - Siliguri",
    "match_url": "/centre/yogoda_satsanga_dhyana_mandali_siliguri"
  },
  {
    "post_title": "Sitibinda - Meditation Centre",
    "url": "/location/yogoda-satsanga-dhyana-kendra-sitibinda",
    "meta_value": "Yogoda Satsanga Dhyana Kendra - Sitibinda",
    "match_url": "/centre/yogoda_satsanga_dhyana_kendra_sitibinda"
  },
  {
    "post_title": "Solan - Meditation Centre",
    "url": "/location/yogoda-satsanga-dhyana-kendra-solan",
    "meta_value": "Yogoda Satsanga Dhyana Kendra - Solan",
    "match_url": "/centre/yogoda_satsanga_dhyana_mandali_solapur"
  },
  {
    "post_title": "Solapur - Meditation Centre",
    "url": "/location/yogoda-satsanga-dhyana-mandali-solapur",
    "meta_value": "Yogoda Satsanga Dhyana Mandali - Solapur",
    "match_url": "/centre/yogoda_satsanga_dhyana_kendra_solan"
  },
  {
    "post_title": "Srikakulam - Meditation Centre",
    "url": "/location/yogoda-satsanga-dhyana-mandali-srikakulam",
    "meta_value": "Yogoda Satsanga Dhyana Mandali - Srikakulam",
    "match_url": "/centre/yogoda_satsanga_dhyana_mandali_srikakulam"
  },
  {
    "post_title": "Sundernagar - Meditation Centre",
    "url": "/location/yogoda-satsanga-dhyana-mandali-sundernagar",
    "meta_value": "Yogoda Satsanga Dhyana Mandali - Sundernagar",
    "match_url": "/centre/yogoda_satsanga_dhyana_mandali_sundernagar"
  },
  {
    "post_title": "Suraikhet - Meditation Centre",
    "url": "/location/yogoda-satsanga-sakha-kendra-suraikhet",
    "meta_value": "Yogoda Satsanga Sakha Kendra - Suraikhet",
    "match_url": "/centre/yogoda_satsanga_sakha_kendra_suraikhet"
  },
  {
    "post_title": "Surana - Meditation Centre",
    "url": "/location/yogoda-satsanga-dhyana-mandali-surana",
    "meta_value": "Yogoda Satsanga Dhyana Mandali - Surana",
    "match_url": "/centre/yogoda_satsanga_dhyana_mandali_surana"
  },
  {
    "post_title": "Surat - Meditation Centre",
    "url": "/location/yogoda-satsanga-dhyana-kendra-surat",
    "meta_value": "Yogoda Satsanga Dhyana Kendra - Surat",
    "match_url": "/centre/yogoda_satsanga_dhyana_kendra_surat"
  },
  {
    "post_title": "Suvag - Meditation Centre",
    "url": "/location/yogoda-satsanga-dhyana-mandali-suvag",
    "meta_value": "Yogoda Satsanga Dhyana Mandali - Suvag",
    "match_url": "/centre/yogoda_satsanga_dhyana_mandali_suvag"
  },
  {
    "post_title": "Tadepalligudem - Meditation Centre",
    "url": "/location/yogoda-satsanga-dhyana-mandali-tadepalligudem",
    "meta_value": "Yogoda Satsanga Dhyana Mandali - Tadepalligudem",
    "match_url": "/centre/yogoda_satsanga_dhyana_mandali_tadepalligudem"
  },
  {
    "post_title": "Tadipatri - Meditation Centre",
    "url": "/location/yogoda-satsanga-dhyana-mandali-tadipatri",
    "meta_value": "Yogoda Satsanga Dhyana Mandali - Tadipatri",
    "match_url": "/centre/yogoda_satsanga_dhyana_mandali_tadipatri"
  },
  {
    "post_title": "Talala - Meditation Centre",
    "url": "/location/yogoda-satsanga-dhyana-mandali-talala",
    "meta_value": "Yogoda Satsanga Dhyana Mandali - Talala",
    "match_url": "/centre/yogoda-satsanga-dhyana-mandali-talala"
  },
  {
    "post_title": "Tandur - Meditation Centre",
    "url": "/location/yogoda-satsanga-dhyana-mandali-tandur",
    "meta_value": "Yogoda Satsanga Dhyana Mandali - Tandur",
    "match_url": "/centre/yogoda_satsanga_dhyana_mandali_tandur"
  },
  {
    "post_title": "Tanuku - Meditation Centre",
    "url": "/location/yogoda-satsanga-dhyana-mandali-tanuku",
    "meta_value": "Yogoda Satsanga Dhyana Mandali - Tanuku",
    "match_url": "/centre/yogoda_satsanga_dhyana_mandali_tanuku"
  },
  {
    "post_title": "Tapinda - Meditation Centre",
    "url": "/location/yogoda-satsanga-dhyana-mandali-tapinda",
    "meta_value": "Yogoda Satsanga Dhyana Mandali - Tapinda",
    "match_url": "/centre/yogoda_satsanga_dhyana_mandali_tapinda"
  },
  {
    "post_title": "Telary - Retreat",
    "url": "/location/yogoda-satsanga-dhyana-kendra-telary",
    "meta_value": "Yogoda Satsanga Dhyana Kendra - Telary",
    "match_url": "/centre/yogoda_satsanga_dhyana_kendra_telary"
  },
  {
    "post_title": "Tenali - Meditation Centre",
    "url": "/location/yogoda-satsanga-dhyana-mandali-tenali",
    "meta_value": "Yogoda Satsanga Dhyana Mandali - Tenali",
    "match_url": "/centre/yogoda_satsanga_dhyana_mandali_tenali"
  },
  {
    "post_title": "Thanjavur - Meditation Centre",
    "url": "/location/yogoda-satsanga-dhyana-mandali-thanjavur",
    "meta_value": "Yogoda Satsanga Dhyana Mandali - Thanjavur",
    "match_url": "/centre/yogoda_satsanga_dhyana_mandali_thanjavur"
  },
  {
    "post_title": "Thiruthuraipoondi - Meditation Centre",
    "url": "/location/yogoda-satsanga-dhyana-mandali-thiruthuraipoondi",
    "meta_value": "Yogoda Satsanga Dhyana Mandali - Thiruthuraipoondi",
    "match_url": "/centre/yogoda_satsanga_dhyana_mandali_thiruthuraipoondi"
  },
  {
    "post_title": "Thiruvananthapuram - Meditation Centre",
    "url": "/location/yogoda-satsanga-dhyana-kendra-thiruvananthapuram",
    "meta_value": "Yogoda Satsanga Dhyana Kendra - Thiruvananthapuram",
    "match_url": "/centre/yogoda_satsanga_dhyana_kendra_thiruvananthapuram"
  },
  {
    "post_title": "Thiruvarur - Meditation Centre",
    "url": "/location/yogoda-satsanga-dhyana-mandali-thiruvarur",
    "meta_value": "Yogoda Satsanga Dhyana Mandali - Thiruvarur",
    "match_url": "/centre/yogoda_satsanga_dhyana_mandali_thiruvarur"
  },
  {
    "post_title": "Thrissur - Meditation Centre",
    "url": "/location/yogoda-satsanga-dhyana-mandali-thrissur",
    "meta_value": "Yogoda Satsanga Dhyana Mandali - Thrissur",
    "match_url": "/centre/yogoda_satsanga_dhyana_mandali_thrissur"
  },
  {
    "post_title": "Tiruchirappalli - Meditation Centre",
    "url": "/location/yogoda-satsanga-dhyana-mandali-tiruchirappalli",
    "meta_value": "Yogoda Satsanga Dhyana Mandali - Tiruchirappalli",
    "match_url": "/centre/yogoda_satsanga_dhyana_mandali_tiruchirappalli"
  },
  {
    "post_title": "Tirunelveli - Meditation Centre",
    "url": "/location/yogoda-satsanga-dhyana-mandali-tirunelveli",
    "meta_value": "Yogoda Satsanga Dhyana Mandali - Tirunelveli",
    "match_url": "/centre/yogoda_satsanga_dhyana_mandali_tirunelveli"
  },
  {
    "post_title": "Tirupati - Meditation Centre",
    "url": "/location/yogoda-satsanga-dhyana-mandali-tirupati",
    "meta_value": "Yogoda Satsanga Dhyana Mandali - Tirupati",
    "match_url": "/centre/yogoda_satsanga_dhyana_mandali_tirupati"
  },
  {
    "post_title": "Tiruppur - Meditation Centre",
    "url": "/location/yogoda-satsanga-dhyana-mandali-tiruppur",
    "meta_value": "Yogoda Satsanga Dhyana Mandali - Tiruppur",
    "match_url": "/centre/yogoda_satsanga_dhyana_mandali_tiruppur"
  },
  {
    "post_title": "Titilagarh - Meditation Centre",
    "url": "/location/yogoda-satsanga-dhyana-mandali-titilagarh",
    "meta_value": "Yogoda Satsanga Dhyana Mandali - Titilagarh",
    "match_url": "/centre/yogoda_satsanga_dhyana_mandali_titilagarh"
  },
  {
    "post_title": "Tumkur - Meditation Centre",
    "url": "/location/yogoda-satsanga-dhyana-mandali-tumkur",
    "meta_value": "Yogoda Satsanga Dhyana Mandali - Tumkur",
    "match_url": "/centre/yogoda_satsanga_dhyana_mandali_tumkur"
  },
  {
    "post_title": "Tuni - Meditation Centre",
    "url": "/location/yogoda-satsanga-dhyana-mandali-tuni",
    "meta_value": "Yogoda Satsanga Dhyana Mandali - Tuni",
    "match_url": "/centre/yogoda_satsanga_dhyana_mandali_tuni"
  },
  {
    "post_title": "Udaipur - Meditation Centre",
    "url": "/location/yogoda-satsanga-dhyana-mandali-udaipur",
    "meta_value": "Yogoda Satsanga Dhyana Mandali - Udaipur",
    "match_url": "/centre/yogoda_satsanga_dhyana_mandali_udaipur"
  },
  {
    "post_title": "Udhampur - Meditation Centre",
    "url": "/location/yogoda-satsanga-dhyana-mandali-udhampur",
    "meta_value": "Yogoda Satsanga Dhyana Mandali - Udhampur",
    "match_url": "/centre/yogoda_satsanga_dhyana_mandali_udhampur"
  },
  {
    "post_title": "Udupi - Meditation Centre",
    "url": "/location/yogoda-satsanga-dhyana-mandali-udupi",
    "meta_value": "Yogoda Satsanga Dhyana Mandali - Udupi",
    "match_url": "/centre/yogoda_satsanga_dhyana_mandali_udupi"
  },
  {
    "post_title": "Ujjain - Meditation Centre",
    "url": "/location/yogoda-satsanga-dhyana-mandali-ujjain",
    "meta_value": "Yogoda Satsanga Dhyana Mandali - Ujjain",
    "match_url": "/centre/yogoda_satsanga_dhyana_mandali_ujjain"
  },
  {
    "post_title": "Vadodara - Meditation Centre",
    "url": "/location/yogoda-satsanga-dhyana-kendra-vadodara",
    "meta_value": "Yogoda Satsanga Dhyana Kendra - Vadodara",
    "match_url": "/centre/yogoda_satsanga_dhyana_kendra_vadodara"
  },
  {
    "post_title": "Vallabhipur - Meditation Centre",
    "url": "/location/yogoda-satsanga-dhyana-mandali-vallabhipur",
    "meta_value": "Yogoda Satsanga Dhyana Mandali - Vallabhipur",
    "match_url": "/centre/yogoda_satsanga_dhyana_mandali_vallabhipur"
  },
  {
    "post_title": "Varanasi - Meditation Centre",
    "url": "/location/yogoda-satsanga-dhyana-mandali-varanasi",
    "meta_value": "Yogoda Satsanga Dhyana Mandali - Varanasi",
    "match_url": "/centre/yogoda_satsanga_dhyana_mandali_varanasi"
  },
  {
    "post_title": "Vatakara - Meditation Centre",
    "url": "/location/yogoda-satsanga-dhyana-mandali-vatakara",
    "meta_value": "Yogoda Satsanga Dhyana Mandali - Vatakara",
    "match_url": "/centre/yogoda_satsanga_dhyana_mandali_vatakara"
  },
  {
    "post_title": "Vellore - Meditation Centre",
    "url": "/location/yogoda-satsanga-dhyana-mandali-vellore",
    "meta_value": "Yogoda Satsanga Dhyana Mandali - Vellore",
    "match_url": "/centre/yogoda_satsanga_dhyana_mandali_vellore"
  },
  {
    "post_title": "Vijapur - Meditation Centre",
    "url": "/location/yogoda-satsanga-dhyana-mandali-vijapur",
    "meta_value": "Yogoda Satsanga Dhyana Mandali - Vijapur",
    "match_url": "/centre/yogoda_satsanga_dhyana_kendra_vijayawada"
  },
  {
    "post_title": "Vijayawada - Meditation Centre",
    "url": "/location/yogoda-satsanga-dhyana-kendra-vijayawada",
    "meta_value": "Yogoda Satsanga Dhyana Kendra - Vijayawada",
    "match_url": "/centre/yogoda_satsanga_dhyana_mandali_vijapur"
  },
  {
    "post_title": "Visakhapatnam - Meditation Centre",
    "url": "/location/yogoda-satsanga-dhyana-kendra-visakhapatnam",
    "meta_value": "Yogoda Satsanga Dhyana Kendra - Visakhapatnam",
    "match_url": "/centre/yogoda_satsanga_dhyana_kendra_visakhapatnam"
  },
  {
    "post_title": "Vizianagaram - Meditation Centre",
    "url": "/location/yogoda-satsanga-dhyana-mandali-vizianagaram",
    "meta_value": "Yogoda Satsanga Dhyana Mandali - Vizianagaram",
    "match_url": "/centre/yogoda_satsanga_dhyana_mandali_vizianagaram"
  },
  {
    "post_title": "Warangal - Meditation Centre",
    "url": "/location/yogoda-satsanga-dhyana-mandali-warangal",
    "meta_value": "Yogoda Satsanga Dhyana Mandali - Warangal",
    "match_url": "/centre/yogoda_satsanga_dhyana_kendra_warangal"
  },
  {
    "post_title": "Yerrampeta - Meditation Centre",
    "url": "/location/yogoda-satsanga-dhyana-mandali-yerrampeta",
    "meta_value": "Yogoda Satsanga Dhyana Mandali - Yerrampeta",
    "match_url": "/centre/yogoda_satsanga_dhyana_mandali_yerrampeta"
  }
]